{
    "loss": 13.80463981628418,
    "accuracy": 0.4313725531101227
}